,name,label
0,./data/images/fake_0001_00_02_03_207.jpg,0.0
1,./data/images/fake_0001_00_01_03_461.jpg,0.0
2,./data/images/genuine_0001_00_00_01_365.jpg,1.0
3,./data/images/fake_0001_00_00_01_166.jpg,0.0
4,./data/images/fake_0001_00_02_03_278.jpg,0.0
5,./data/images/genuine_0001_00_00_02_86.jpg,1.0
6,./data/images/fake_0001_00_01_03_428.jpg,0.0
7,./data/images/fake_0001_00_08_03_303.jpg,0.0
8,./data/images/fake_0001_00_01_03_38.jpg,0.0
9,./data/images/genuine_0001_00_00_02_254.jpg,1.0
10,./data/images/fake_0001_00_02_02_459.jpg,0.0
11,./data/images/genuine_0001_00_00_02_258.jpg,1.0
12,./data/images/fake_0001_00_00_01_382.jpg,0.0
13,./data/images/genuine_0001_00_00_01_38.jpg,1.0
14,./data/images/fake_0001_00_03_03_291.jpg,0.0
15,./data/images/fake_0001_00_01_02_152.jpg,0.0
16,./data/images/fake_0001_00_03_02_45.jpg,0.0
17,./data/images/fake_0001_00_01_03_88.jpg,0.0
18,./data/images/fake_0001_00_00_01_107.jpg,0.0
19,./data/images/genuine_0001_00_00_02_298.jpg,1.0
20,./data/images/fake_0001_00_03_02_54.jpg,0.0
21,./data/images/fake_0001_00_03_03_280.jpg,0.0
22,./data/images/genuine_0001_00_00_02_377.jpg,1.0
23,./data/images/fake_0001_00_00_01_111.jpg,0.0
24,./data/images/fake_0001_00_08_03_98.jpg,0.0
25,./data/images/genuine_0001_00_00_01_495.jpg,1.0
26,./data/images/fake_0001_00_04_03_89.jpg,0.0
27,./data/images/genuine_0001_00_00_02_332.jpg,1.0
28,./data/images/genuine_0001_00_00_01_275.jpg,1.0
29,./data/images/genuine_0001_00_00_01_89.jpg,1.0
30,./data/images/fake_0001_00_01_03_494.jpg,0.0
31,./data/images/genuine_0001_00_00_02_427.jpg,1.0
32,./data/images/fake_0001_00_08_03_136.jpg,0.0
33,./data/images/genuine_0001_00_00_02_105.jpg,1.0
34,./data/images/genuine_0001_00_00_02_53.jpg,1.0
35,./data/images/fake_0001_00_02_02_189.jpg,0.0
36,./data/images/fake_0001_00_02_02_404.jpg,0.0
37,./data/images/fake_0001_00_04_03_36.jpg,0.0
38,./data/images/fake_0001_00_08_03_222.jpg,0.0
39,./data/images/fake_0001_00_02_03_267.jpg,0.0
40,./data/images/fake_0001_00_02_03_212.jpg,0.0
41,./data/images/fake_0001_00_01_03_271.jpg,0.0
42,./data/images/genuine_0001_00_00_01_473.jpg,1.0
43,./data/images/genuine_0001_00_00_02_206.jpg,1.0
44,./data/images/genuine_0001_00_00_01_25.jpg,1.0
45,./data/images/fake_0001_00_03_02_134.jpg,0.0
46,./data/images/fake_0001_00_03_03_264.jpg,0.0
47,./data/images/fake_0001_00_03_02_242.jpg,0.0
48,./data/images/genuine_0001_00_00_01_220.jpg,1.0
49,./data/images/genuine_0001_00_00_02_250.jpg,1.0
50,./data/images/fake_0001_00_02_02_387.jpg,0.0
51,./data/images/genuine_0001_00_00_01_303.jpg,1.0
52,./data/images/fake_0001_00_04_03_49.jpg,0.0
53,./data/images/fake_0001_00_00_01_148.jpg,0.0
54,./data/images/fake_0001_00_00_01_224.jpg,0.0
55,./data/images/fake_0001_00_00_01_300.jpg,0.0
56,./data/images/fake_0001_00_04_03_72.jpg,0.0
57,./data/images/fake_0001_00_08_03_206.jpg,0.0
58,./data/images/fake_0001_00_08_03_471.jpg,0.0
59,./data/images/fake_0001_00_01_03_260.jpg,0.0
60,./data/images/fake_0001_00_00_01_314.jpg,0.0
61,./data/images/fake_0001_00_01_02_260.jpg,0.0
62,./data/images/fake_0001_00_01_03_341.jpg,0.0
63,./data/images/fake_0001_00_02_03_472.jpg,0.0
64,./data/images/fake_0001_00_02_03_125.jpg,0.0
65,./data/images/fake_0001_00_01_03_169.jpg,0.0
66,./data/images/fake_0001_00_02_03_145.jpg,0.0
67,./data/images/fake_0001_00_02_03_66.jpg,0.0
68,./data/images/fake_0001_00_03_03_4.jpg,0.0
69,./data/images/fake_0001_00_08_03_0.jpg,0.0
70,./data/images/fake_0001_00_01_03_228.jpg,0.0
71,./data/images/fake_0001_00_03_03_434.jpg,0.0
72,./data/images/fake_0001_00_04_03_130.jpg,0.0
73,./data/images/fake_0001_00_00_01_427.jpg,0.0
74,./data/images/fake_0001_00_08_03_439.jpg,0.0
75,./data/images/genuine_0001_00_00_02_485.jpg,1.0
76,./data/images/fake_0001_00_01_03_255.jpg,0.0
77,./data/images/fake_0001_00_01_03_25.jpg,0.0
78,./data/images/fake_0001_00_03_03_167.jpg,0.0
79,./data/images/fake_0001_00_01_03_244.jpg,0.0
80,./data/images/fake_0001_00_00_01_86.jpg,0.0
81,./data/images/fake_0001_00_00_01_27.jpg,0.0
82,./data/images/fake_0001_00_01_03_211.jpg,0.0
83,./data/images/fake_0001_00_02_03_88.jpg,0.0
84,./data/images/genuine_0001_00_00_02_31.jpg,1.0
85,./data/images/genuine_0001_00_00_01_181.jpg,1.0
86,./data/images/fake_0001_00_04_03_251.jpg,0.0
87,./data/images/fake_0001_00_03_03_178.jpg,0.0
88,./data/images/genuine_0001_00_00_01_480.jpg,1.0
89,./data/images/fake_0001_00_08_03_6.jpg,0.0
90,./data/images/genuine_0001_00_00_01_404.jpg,1.0
91,./data/images/genuine_0001_00_00_02_354.jpg,1.0
92,./data/images/genuine_0001_00_00_01_387.jpg,1.0
93,./data/images/fake_0001_00_00_01_378.jpg,0.0
94,./data/images/fake_0001_00_08_03_277.jpg,0.0
95,./data/images/genuine_0001_00_00_02_170.jpg,1.0
96,./data/images/fake_0001_00_02_02_116.jpg,0.0
97,./data/images/genuine_0001_00_00_01_235.jpg,1.0
98,./data/images/genuine_0001_00_00_02_192.jpg,1.0
99,./data/images/fake_0001_00_03_03_429.jpg,0.0
100,./data/images/fake_0001_00_03_03_259.jpg,0.0
101,./data/images/fake_0001_00_04_03_273.jpg,0.0
102,./data/images/genuine_0001_00_00_01_167.jpg,1.0
103,./data/images/fake_0001_00_08_03_288.jpg,0.0
104,./data/images/fake_0001_00_00_01_341.jpg,0.0
105,./data/images/genuine_0001_00_00_02_343.jpg,1.0
106,./data/images/fake_0001_00_03_03_76.jpg,0.0
107,./data/images/fake_0001_00_04_03_224.jpg,0.0
108,./data/images/fake_0001_00_00_01_18.jpg,0.0
109,./data/images/fake_0001_00_04_03_338.jpg,0.0
110,./data/images/fake_0001_00_04_03_235.jpg,0.0
111,./data/images/fake_0001_00_00_01_90.jpg,0.0
112,./data/images/fake_0001_00_03_03_496.jpg,0.0
113,./data/images/genuine_0001_00_00_02_145.jpg,1.0
114,./data/images/fake_0001_00_03_03_92.jpg,0.0
115,./data/images/fake_0001_00_08_03_38.jpg,0.0
116,./data/images/genuine_0001_00_00_02_467.jpg,1.0
117,./data/images/fake_0001_00_03_03_301.jpg,0.0
118,./data/images/genuine_0001_00_00_01_499.jpg,1.0
119,./data/images/fake_0001_00_04_03_321.jpg,0.0
120,./data/images/fake_0001_00_02_03_423.jpg,0.0
121,./data/images/fake_0001_00_03_03_367.jpg,0.0
122,./data/images/fake_0001_00_01_03_434.jpg,0.0
123,./data/images/fake_0001_00_03_02_376.jpg,0.0
124,./data/images/fake_0001_00_04_02_63.jpg,0.0
125,./data/images/genuine_0001_00_00_01_451.jpg,1.0
126,./data/images/genuine_0001_00_00_02_489.jpg,1.0
127,./data/images/fake_0001_00_02_02_152.jpg,0.0
128,./data/images/fake_0001_00_01_03_125.jpg,0.0
129,./data/images/fake_0001_00_02_03_164.jpg,0.0
130,./data/images/fake_0001_00_03_03_141.jpg,0.0
131,./data/images/fake_0001_00_08_03_314.jpg,0.0
132,./data/images/fake_0001_00_03_02_394.jpg,0.0
133,./data/images/fake_0001_00_01_03_206.jpg,0.0
134,./data/images/fake_0001_00_02_03_386.jpg,0.0
135,./data/images/genuine_0001_00_00_01_426.jpg,1.0
136,./data/images/fake_0001_00_01_03_483.jpg,0.0
137,./data/images/genuine_0001_00_00_02_496.jpg,1.0
138,./data/images/fake_0001_00_02_02_495.jpg,0.0
139,./data/images/genuine_0001_00_00_02_141.jpg,1.0
140,./data/images/fake_0001_00_03_02_152.jpg,0.0
141,./data/images/genuine_0001_00_00_01_29.jpg,1.0
142,./data/images/fake_0001_00_04_03_392.jpg,0.0
143,./data/images/fake_0001_00_00_01_95.jpg,0.0
144,./data/images/genuine_0001_00_00_02_93.jpg,1.0
145,./data/images/genuine_0001_00_00_01_268.jpg,1.0
146,./data/images/fake_0001_00_01_03_467.jpg,0.0
147,./data/images/fake_0001_00_02_03_37.jpg,0.0
148,./data/images/genuine_0001_00_00_01_213.jpg,1.0
149,./data/images/fake_0001_00_02_03_353.jpg,0.0
150,./data/images/fake_0001_00_02_02_350.jpg,0.0
151,./data/images/fake_0001_00_02_03_483.jpg,0.0
152,./data/images/genuine_0001_00_00_01_462.jpg,1.0
153,./data/images/fake_0001_00_00_01_418.jpg,0.0
154,./data/images/genuine_0001_00_00_01_239.jpg,1.0
155,./data/images/fake_0001_00_03_03_372.jpg,0.0
156,./data/images/fake_0001_00_00_01_436.jpg,0.0
157,./data/images/fake_0001_00_01_02_279.jpg,0.0
158,./data/images/fake_0001_00_08_03_400.jpg,0.0
159,./data/images/fake_0001_00_02_03_17.jpg,0.0
160,./data/images/fake_0001_00_00_01_63.jpg,0.0
161,./data/images/fake_0001_00_02_03_418.jpg,0.0
162,./data/images/genuine_0001_00_00_02_399.jpg,1.0
163,./data/images/fake_0001_00_02_02_297.jpg,0.0
164,./data/images/genuine_0001_00_00_02_401.jpg,1.0
165,./data/images/fake_0001_00_08_03_65.jpg,0.0
166,./data/images/fake_0001_00_08_03_433.jpg,0.0
167,./data/images/fake_0001_00_04_03_408.jpg,0.0
168,./data/images/fake_0001_00_04_03_217.jpg,0.0
169,./data/images/fake_0001_00_04_03_61.jpg,0.0
170,./data/images/fake_0001_00_01_02_333.jpg,0.0
171,./data/images/fake_0001_00_08_03_25.jpg,0.0
172,./data/images/fake_0001_00_04_03_365.jpg,0.0
173,./data/images/fake_0001_00_00_01_157.jpg,0.0
174,./data/images/genuine_0001_00_00_02_202.jpg,1.0
175,./data/images/genuine_0001_00_00_01_383.jpg,1.0
176,./data/images/fake_0001_00_00_01_175.jpg,0.0
177,./data/images/fake_0001_00_01_02_242.jpg,0.0
178,./data/images/fake_0001_00_00_01_404.jpg,0.0
179,./data/images/fake_0001_00_04_02_477.jpg,0.0
180,./data/images/genuine_0001_00_00_02_57.jpg,1.0
181,./data/images/genuine_0001_00_00_01_260.jpg,1.0
182,./data/images/fake_0001_00_01_03_303.jpg,0.0
183,./data/images/genuine_0001_00_00_01_217.jpg,1.0
184,./data/images/genuine_0001_00_00_01_174.jpg,1.0
185,./data/images/fake_0001_00_02_03_456.jpg,0.0
186,./data/images/fake_0001_00_03_03_103.jpg,0.0
187,./data/images/fake_0001_00_08_03_369.jpg,0.0
188,./data/images/fake_0001_00_04_02_387.jpg,0.0
189,./data/images/fake_0001_00_00_01_72.jpg,0.0
190,./data/images/genuine_0001_00_00_02_481.jpg,1.0
191,./data/images/fake_0001_00_04_03_284.jpg,0.0
192,./data/images/genuine_0001_00_00_01_415.jpg,1.0
193,./data/images/fake_0001_00_01_03_266.jpg,0.0
194,./data/images/genuine_0001_00_00_02_247.jpg,1.0
195,./data/images/fake_0001_00_02_03_261.jpg,0.0
196,./data/images/fake_0001_00_03_03_161.jpg,0.0
197,./data/images/genuine_0001_00_00_01_282.jpg,1.0
198,./data/images/fake_0001_00_01_03_32.jpg,0.0
199,./data/images/fake_0001_00_08_03_152.jpg,0.0
200,./data/images/fake_0001_00_02_03_60.jpg,0.0
201,./data/images/fake_0001_00_04_02_459.jpg,0.0
202,./data/images/fake_0001_00_04_03_327.jpg,0.0
203,./data/images/fake_0001_00_08_03_411.jpg,0.0
204,./data/images/fake_0001_00_04_03_211.jpg,0.0
205,./data/images/fake_0001_00_03_03_329.jpg,0.0
206,./data/images/fake_0001_00_03_03_450.jpg,0.0
207,./data/images/fake_0001_00_03_03_81.jpg,0.0
208,./data/images/fake_0001_00_04_03_103.jpg,0.0
209,./data/images/genuine_0001_00_00_02_441.jpg,1.0
210,./data/images/fake_0001_00_01_03_277.jpg,0.0
211,./data/images/fake_0001_00_03_03_172.jpg,0.0
212,./data/images/fake_0001_00_04_03_451.jpg,0.0
213,./data/images/fake_0001_00_02_03_337.jpg,0.0
214,./data/images/fake_0001_00_00_01_116.jpg,0.0
215,./data/images/genuine_0001_00_00_01_314.jpg,1.0
216,./data/images/fake_0001_00_00_01_125.jpg,0.0
217,./data/images/fake_0001_00_03_03_6.jpg,0.0
218,./data/images/fake_0001_00_04_03_479.jpg,0.0
219,./data/images/fake_0001_00_08_03_347.jpg,0.0
220,./data/images/fake_0001_00_02_03_109.jpg,0.0
221,./data/images/genuine_0001_00_00_02_79.jpg,1.0
222,./data/images/genuine_0001_00_00_01_448.jpg,1.0
223,./data/images/genuine_0001_00_00_01_444.jpg,1.0
224,./data/images/fake_0001_00_01_03_163.jpg,0.0
225,./data/images/fake_0001_00_02_03_391.jpg,0.0
226,./data/images/genuine_0001_00_00_01_56.jpg,1.0
227,./data/images/genuine_0001_00_00_01_271.jpg,1.0
228,./data/images/fake_0001_00_02_03_450.jpg,0.0
229,./data/images/fake_0001_00_01_03_400.jpg,0.0
230,./data/images/fake_0001_00_08_03_158.jpg,0.0
231,./data/images/fake_0001_00_08_03_336.jpg,0.0
232,./data/images/genuine_0001_00_00_02_16.jpg,1.0
233,./data/images/genuine_0001_00_00_01_279.jpg,1.0
234,./data/images/fake_0001_00_03_03_378.jpg,0.0
235,./data/images/genuine_0001_00_00_01_310.jpg,1.0
236,./data/images/fake_0001_00_00_01_198.jpg,0.0
237,./data/images/fake_0001_00_04_03_246.jpg,0.0
238,./data/images/fake_0001_00_02_03_44.jpg,0.0
239,./data/images/genuine_0001_00_00_02_452.jpg,1.0
240,./data/images/fake_0001_00_08_03_260.jpg,0.0
241,./data/images/fake_0001_00_08_03_92.jpg,0.0
242,./data/images/fake_0001_00_00_01_332.jpg,0.0
243,./data/images/fake_0001_00_08_03_428.jpg,0.0
244,./data/images/genuine_0001_00_00_02_71.jpg,1.0
245,./data/images/fake_0001_00_08_03_325.jpg,0.0
246,./data/images/genuine_0001_00_00_02_287.jpg,1.0
247,./data/images/genuine_0001_00_00_01_293.jpg,1.0
248,./data/images/genuine_0001_00_00_01_47.jpg,1.0
249,./data/images/fake_0001_00_01_03_385.jpg,0.0
250,./data/images/fake_0001_00_00_01_68.jpg,0.0
251,./data/images/genuine_0001_00_00_02_196.jpg,1.0
252,./data/images/fake_0001_00_01_03_406.jpg,0.0
253,./data/images/genuine_0001_00_00_01_81.jpg,1.0
254,./data/images/fake_0001_00_08_03_54.jpg,0.0
255,./data/images/genuine_0001_00_00_02_423.jpg,1.0
256,./data/images/fake_0001_00_00_01_445.jpg,0.0
257,./data/images/fake_0001_00_03_03_70.jpg,0.0
258,./data/images/fake_0001_00_00_01_238.jpg,0.0
259,./data/images/fake_0001_00_00_01_364.jpg,0.0
260,./data/images/fake_0001_00_08_03_239.jpg,0.0
261,./data/images/genuine_0001_00_00_01_141.jpg,1.0
262,./data/images/fake_0001_00_02_02_170.jpg,0.0
263,./data/images/fake_0001_00_03_03_361.jpg,0.0
264,./data/images/fake_0001_00_04_03_316.jpg,0.0
265,./data/images/fake_0001_00_03_03_109.jpg,0.0
266,./data/images/genuine_0001_00_00_01_361.jpg,1.0
267,./data/images/fake_0001_00_02_03_320.jpg,0.0
268,./data/images/fake_0001_00_01_03_190.jpg,0.0
269,./data/images/fake_0001_00_08_03_282.jpg,0.0
270,./data/images/fake_0001_00_01_03_44.jpg,0.0
271,./data/images/fake_0001_00_01_03_288.jpg,0.0
272,./data/images/fake_0001_00_01_03_411.jpg,0.0
273,./data/images/fake_0001_00_03_03_404.jpg,0.0
274,./data/images/genuine_0001_00_00_01_332.jpg,1.0
275,./data/images/genuine_0001_00_00_01_206.jpg,1.0
276,./data/images/fake_0001_00_02_03_412.jpg,0.0
277,./data/images/genuine_0001_00_00_02_430.jpg,1.0
278,./data/images/fake_0001_00_08_03_130.jpg,0.0
279,./data/images/fake_0001_00_02_02_63.jpg,0.0
280,./data/images/fake_0001_00_03_03_472.jpg,0.0
281,./data/images/fake_0001_00_03_02_411.jpg,0.0
282,./data/images/fake_0001_00_00_01_233.jpg,0.0
283,./data/images/fake_0001_00_01_02_64.jpg,0.0
284,./data/images/fake_0001_00_04_02_404.jpg,0.0
285,./data/images/genuine_0001_00_00_02_9.jpg,1.0
286,./data/images/fake_0001_00_02_03_5.jpg,0.0
287,./data/images/fake_0001_00_04_03_190.jpg,0.0
288,./data/images/fake_0001_00_02_03_14.jpg,0.0
289,./data/images/genuine_0001_00_00_02_185.jpg,1.0
290,./data/images/fake_0001_00_08_03_466.jpg,0.0
291,./data/images/fake_0001_00_01_02_134.jpg,0.0
292,./data/images/fake_0001_00_08_03_477.jpg,0.0
293,./data/images/fake_0001_00_00_01_409.jpg,0.0
294,./data/images/fake_0001_00_00_01_260.jpg,0.0
295,./data/images/fake_0001_00_04_03_402.jpg,0.0
296,./data/images/fake_0001_00_04_03_56.jpg,0.0
297,./data/images/genuine_0001_00_00_02_321.jpg,1.0
298,./data/images/fake_0001_00_03_02_280.jpg,0.0
299,./data/images/genuine_0001_00_00_01_325.jpg,1.0
300,./data/images/fake_0001_00_00_01_189.jpg,0.0
301,./data/images/fake_0001_00_08_03_255.jpg,0.0
302,./data/images/genuine_0001_00_00_01_101.jpg,1.0
303,./data/images/fake_0001_00_00_01_288.jpg,0.0
304,./data/images/fake_0001_00_02_03_218.jpg,0.0
305,./data/images/fake_0001_00_01_03_200.jpg,0.0
306,./data/images/fake_0001_00_01_03_71.jpg,0.0
307,./data/images/fake_0001_00_08_03_309.jpg,0.0
308,./data/images/fake_0001_00_03_03_12.jpg,0.0
309,./data/images/genuine_0001_00_00_01_78.jpg,1.0
310,./data/images/genuine_0001_00_00_02_470.jpg,1.0
311,./data/images/genuine_0001_00_00_02_0.jpg,1.0
312,./data/images/fake_0001_00_08_03_185.jpg,0.0
313,./data/images/genuine_0001_00_00_01_96.jpg,1.0
314,./data/images/genuine_0001_00_00_01_477.jpg,1.0
315,./data/images/fake_0001_00_00_01_486.jpg,0.0
316,./data/images/fake_0001_00_04_03_370.jpg,0.0
317,./data/images/fake_0001_00_01_03_99.jpg,0.0
318,./data/images/fake_0001_00_08_03_299.jpg,0.0
319,./data/images/fake_0001_00_04_02_224.jpg,0.0
320,./data/images/fake_0001_00_03_02_170.jpg,0.0
321,./data/images/genuine_0001_00_00_02_109.jpg,1.0
322,./data/images/fake_0001_00_01_02_46.jpg,0.0
323,./data/images/genuine_0001_00_00_01_422.jpg,1.0
324,./data/images/fake_0001_00_04_03_457.jpg,0.0
325,./data/images/fake_0001_00_02_03_401.jpg,0.0
326,./data/images/fake_0001_00_03_02_431.jpg,0.0
327,./data/images/genuine_0001_00_00_02_101.jpg,1.0
328,./data/images/genuine_0001_00_00_01_92.jpg,1.0
329,./data/images/fake_0001_00_02_03_359.jpg,0.0
330,./data/images/fake_0001_00_00_01_495.jpg,0.0
331,./data/images/fake_0001_00_02_03_156.jpg,0.0
332,./data/images/fake_0001_00_04_03_262.jpg,0.0
333,./data/images/fake_0001_00_02_03_461.jpg,0.0
334,./data/images/genuine_0001_00_00_02_272.jpg,1.0
335,./data/images/genuine_0001_00_00_01_21.jpg,1.0
336,./data/images/fake_0001_00_08_03_217.jpg,0.0
337,./data/images/fake_0001_00_08_03_233.jpg,0.0
338,./data/images/fake_0001_00_00_01_5.jpg,0.0
339,./data/images/genuine_0001_00_00_02_163.jpg,1.0
340,./data/images/fake_0001_00_01_02_441.jpg,0.0
341,./data/images/genuine_0001_00_00_01_307.jpg,1.0
342,./data/images/genuine_0001_00_00_01_0.jpg,1.0
343,./data/images/genuine_0001_00_00_01_419.jpg,1.0
344,./data/images/fake_0001_00_04_03_114.jpg,0.0
345,./data/images/fake_0001_00_02_03_315.jpg,0.0
346,./data/images/fake_0001_00_01_02_82.jpg,0.0
347,./data/images/genuine_0001_00_00_02_37.jpg,1.0
348,./data/images/fake_0001_00_04_03_30.jpg,0.0
349,./data/images/fake_0001_00_01_03_374.jpg,0.0
350,./data/images/fake_0001_00_04_03_50.jpg,0.0
351,./data/images/fake_0001_00_01_03_489.jpg,0.0
352,./data/images/genuine_0001_00_00_01_224.jpg,1.0
353,./data/images/fake_0001_00_02_03_294.jpg,0.0
354,./data/images/fake_0001_00_03_03_242.jpg,0.0
355,./data/images/fake_0001_00_01_03_0.jpg,0.0
356,./data/images/fake_0001_00_03_03_98.jpg,0.0
357,./data/images/fake_0001_00_04_02_206.jpg,0.0
358,./data/images/fake_0001_00_04_03_268.jpg,0.0
359,./data/images/fake_0001_00_03_03_44.jpg,0.0
360,./data/images/fake_0001_00_01_03_369.jpg,0.0
361,./data/images/fake_0001_00_08_03_163.jpg,0.0
362,./data/images/fake_0001_00_02_03_186.jpg,0.0
363,./data/images/fake_0001_00_03_02_260.jpg,0.0
364,./data/images/genuine_0001_00_00_01_12.jpg,1.0
365,./data/images/genuine_0001_00_00_01_152.jpg,1.0
366,./data/images/fake_0001_00_03_03_478.jpg,0.0
367,./data/images/fake_0001_00_03_03_54.jpg,0.0
368,./data/images/genuine_0001_00_00_02_149.jpg,1.0
369,./data/images/fake_0001_00_02_03_55.jpg,0.0
370,./data/images/fake_0001_00_04_02_279.jpg,0.0
371,./data/images/genuine_0001_00_00_02_350.jpg,1.0
372,./data/images/fake_0001_00_00_01_305.jpg,0.0
373,./data/images/genuine_0001_00_00_01_85.jpg,1.0
374,./data/images/fake_0001_00_00_01_206.jpg,0.0
375,./data/images/fake_0001_00_01_03_55.jpg,0.0
376,./data/images/fake_0001_00_01_03_174.jpg,0.0
377,./data/images/fake_0001_00_08_03_460.jpg,0.0
378,./data/images/genuine_0001_00_00_02_12.jpg,1.0
379,./data/images/fake_0001_00_00_01_170.jpg,0.0
380,./data/images/fake_0001_00_00_01_134.jpg,0.0
381,./data/images/genuine_0001_00_00_02_384.jpg,1.0
382,./data/images/fake_0001_00_02_03_489.jpg,0.0
383,./data/images/genuine_0001_00_00_02_97.jpg,1.0
384,./data/images/fake_0001_00_08_03_141.jpg,0.0
385,./data/images/fake_0001_00_01_03_299.jpg,0.0
386,./data/images/fake_0001_00_04_03_196.jpg,0.0
387,./data/images/genuine_0001_00_00_02_365.jpg,1.0
388,./data/images/fake_0001_00_00_01_459.jpg,0.0
389,./data/images/genuine_0001_00_00_01_354.jpg,1.0
390,./data/images/fake_0001_00_08_03_341.jpg,0.0
391,./data/images/fake_0001_00_02_03_331.jpg,0.0
392,./data/images/fake_0001_00_00_01_77.jpg,0.0
393,./data/images/fake_0001_00_02_03_272.jpg,0.0
394,./data/images/fake_0001_00_03_02_357.jpg,0.0
395,./data/images/fake_0001_00_00_01_36.jpg,0.0
396,./data/images/fake_0001_00_01_02_206.jpg,0.0
397,./data/images/fake_0001_00_04_03_109.jpg,0.0
398,./data/images/fake_0001_00_01_03_325.jpg,0.0
399,./data/images/fake_0001_00_00_01_337.jpg,0.0
400,./data/images/fake_0001_00_02_02_440.jpg,0.0
401,./data/images/genuine_0001_00_00_02_42.jpg,1.0
402,./data/images/fake_0001_00_01_03_450.jpg,0.0
403,./data/images/genuine_0001_00_00_02_127.jpg,1.0
404,./data/images/fake_0001_00_02_02_0.jpg,0.0
405,./data/images/fake_0001_00_08_03_76.jpg,0.0
406,./data/images/fake_0001_00_04_03_387.jpg,0.0
407,./data/images/fake_0001_00_01_02_224.jpg,0.0
408,./data/images/fake_0001_00_00_01_292.jpg,0.0
409,./data/images/fake_0001_00_03_03_356.jpg,0.0
410,./data/images/genuine_0001_00_00_02_60.jpg,1.0
411,./data/images/fake_0001_00_00_01_265.jpg,0.0
412,./data/images/fake_0001_00_03_03_286.jpg,0.0
413,./data/images/fake_0001_00_02_03_71.jpg,0.0
414,./data/images/fake_0001_00_08_03_87.jpg,0.0
415,./data/images/fake_0001_00_02_02_369.jpg,0.0
416,./data/images/genuine_0001_00_00_02_123.jpg,1.0
417,./data/images/fake_0001_00_02_03_223.jpg,0.0
418,./data/images/genuine_0001_00_00_02_167.jpg,1.0
419,./data/images/fake_0001_00_02_03_397.jpg,0.0
420,./data/images/fake_0001_00_03_03_194.jpg,0.0
421,./data/images/genuine_0001_00_00_02_329.jpg,1.0
422,./data/images/genuine_0001_00_00_02_21.jpg,1.0
423,./data/images/fake_0001_00_03_02_116.jpg,0.0
424,./data/images/genuine_0001_00_00_02_265.jpg,1.0
425,./data/images/fake_0001_00_08_03_488.jpg,0.0
426,./data/images/fake_0001_00_03_03_42.jpg,0.0
427,./data/images/fake_0001_00_04_03_185.jpg,0.0
428,./data/images/fake_0001_00_00_01_283.jpg,0.0
429,./data/images/fake_0001_00_03_03_34.jpg,0.0
430,./data/images/fake_0001_00_04_03_468.jpg,0.0
431,./data/images/fake_0001_00_04_03_12.jpg,0.0
432,./data/images/fake_0001_00_02_03_99.jpg,0.0
433,./data/images/fake_0001_00_04_03_343.jpg,0.0
434,./data/images/fake_0001_00_00_01_373.jpg,0.0
435,./data/images/fake_0001_00_00_01_279.jpg,0.0
436,./data/images/fake_0001_00_08_03_499.jpg,0.0
437,./data/images/fake_0001_00_04_03_462.jpg,0.0
438,./data/images/genuine_0001_00_00_02_474.jpg,1.0
439,./data/images/fake_0001_00_04_02_116.jpg,0.0
440,./data/images/genuine_0001_00_00_01_408.jpg,1.0
441,./data/images/genuine_0001_00_00_01_321.jpg,1.0
442,./data/images/fake_0001_00_02_02_134.jpg,0.0
443,./data/images/genuine_0001_00_00_02_449.jpg,1.0
444,./data/images/fake_0001_00_00_01_193.jpg,0.0
445,./data/images/genuine_0001_00_00_02_46.jpg,1.0
446,./data/images/genuine_0001_00_00_01_52.jpg,1.0
447,./data/images/fake_0001_00_03_03_307.jpg,0.0
448,./data/images/fake_0001_00_08_03_200.jpg,0.0
449,./data/images/fake_0001_00_03_03_147.jpg,0.0
450,./data/images/fake_0001_00_08_03_455.jpg,0.0
451,./data/images/fake_0001_00_02_03_375.jpg,0.0
452,./data/images/fake_0001_00_08_03_45.jpg,0.0
453,./data/images/genuine_0001_00_00_02_290.jpg,1.0
454,./data/images/fake_0001_00_01_03_233.jpg,0.0
455,./data/images/genuine_0001_00_00_02_409.jpg,1.0
456,./data/images/fake_0001_00_04_02_350.jpg,0.0
457,./data/images/genuine_0001_00_00_01_343.jpg,1.0
458,./data/images/fake_0001_00_03_03_2.jpg,0.0
459,./data/images/genuine_0001_00_00_02_178.jpg,1.0
460,./data/images/genuine_0001_00_00_01_192.jpg,1.0
461,./data/images/genuine_0001_00_00_01_105.jpg,1.0
462,./data/images/fake_0001_00_04_03_419.jpg,0.0
463,./data/images/genuine_0001_00_00_01_297.jpg,1.0
464,./data/images/fake_0001_00_01_03_130.jpg,0.0
465,./data/images/fake_0001_00_03_03_312.jpg,0.0
466,./data/images/fake_0001_00_03_03_445.jpg,0.0
467,./data/images/fake_0001_00_08_03_390.jpg,0.0
468,./data/images/fake_0001_00_04_03_200.jpg,0.0
469,./data/images/fake_0001_00_00_01_472.jpg,0.0
470,./data/images/fake_0001_00_04_02_242.jpg,0.0
471,./data/images/fake_0001_00_04_03_163.jpg,0.0
472,./data/images/fake_0001_00_04_03_240.jpg,0.0
473,./data/images/fake_0001_00_01_03_282.jpg,0.0
474,./data/images/fake_0001_00_02_03_380.jpg,0.0
475,./data/images/fake_0001_00_03_03_253.jpg,0.0
476,./data/images/fake_0001_00_01_03_77.jpg,0.0
477,./data/images/fake_0001_00_08_03_169.jpg,0.0
478,./data/images/fake_0001_00_03_03_87.jpg,0.0
479,./data/images/fake_0001_00_00_01_201.jpg,0.0
480,./data/images/genuine_0001_00_00_01_400.jpg,1.0
481,./data/images/fake_0001_00_01_03_239.jpg,0.0
482,./data/images/fake_0001_00_08_03_244.jpg,0.0
483,./data/images/fake_0001_00_03_03_189.jpg,0.0
484,./data/images/fake_0001_00_01_03_217.jpg,0.0
485,./data/images/fake_0001_00_00_01_387.jpg,0.0
486,./data/images/genuine_0001_00_00_01_6.jpg,1.0
487,./data/images/fake_0001_00_01_03_82.jpg,0.0
488,./data/images/fake_0001_00_02_03_134.jpg,0.0
489,./data/images/genuine_0001_00_00_02_373.jpg,1.0
490,./data/images/genuine_0001_00_00_02_438.jpg,1.0
491,./data/images/fake_0001_00_08_03_330.jpg,0.0
492,./data/images/fake_0001_00_00_01_120.jpg,0.0
493,./data/images/fake_0001_00_04_03_310.jpg,0.0
494,./data/images/fake_0001_00_04_02_440.jpg,0.0
495,./data/images/fake_0001_00_03_03_323.jpg,0.0
496,./data/images/fake_0001_00_08_03_406.jpg,0.0
497,./data/images/genuine_0001_00_00_01_30.jpg,1.0
498,./data/images/fake_0001_00_01_03_396.jpg,0.0
499,./data/images/fake_0001_00_03_03_204.jpg,0.0
500,./data/images/genuine_0001_00_00_01_202.jpg,1.0
501,./data/images/genuine_0001_00_00_02_300.jpg,1.0
502,./data/images/fake_0001_00_04_03_295.jpg,0.0
503,./data/images/fake_0001_00_00_01_413.jpg,0.0
504,./data/images/fake_0001_00_00_01_102.jpg,0.0
505,./data/images/genuine_0001_00_00_01_488.jpg,1.0
506,./data/images/fake_0001_00_04_03_424.jpg,0.0
507,./data/images/fake_0001_00_02_03_348.jpg,0.0
508,./data/images/fake_0001_00_03_03_456.jpg,0.0
509,./data/images/genuine_0001_00_00_02_463.jpg,1.0
510,./data/images/fake_0001_00_02_03_494.jpg,0.0
511,./data/images/fake_0001_00_04_03_29.jpg,0.0
512,./data/images/fake_0001_00_04_03_257.jpg,0.0
513,./data/images/genuine_0001_00_00_02_395.jpg,1.0
514,./data/images/fake_0001_00_04_02_495.jpg,0.0
515,./data/images/fake_0001_00_01_03_309.jpg,0.0
516,./data/images/fake_0001_00_03_02_206.jpg,0.0
517,./data/images/fake_0001_00_03_03_275.jpg,0.0
518,./data/images/genuine_0001_00_00_01_185.jpg,1.0
519,./data/images/fake_0001_00_08_03_266.jpg,0.0
520,./data/images/genuine_0001_00_00_02_28.jpg,1.0
521,./data/images/fake_0001_00_03_03_114.jpg,0.0
522,./data/images/genuine_0001_00_00_02_2.jpg,1.0
523,./data/images/fake_0001_00_08_03_114.jpg,0.0
524,./data/images/fake_0001_00_08_03_363.jpg,0.0
525,./data/images/fake_0001_00_04_03_376.jpg,0.0
526,./data/images/genuine_0001_00_00_02_243.jpg,1.0
527,./data/images/genuine_0001_00_00_02_220.jpg,1.0
528,./data/images/fake_0001_00_03_02_224.jpg,0.0
529,./data/images/genuine_0001_00_00_01_145.jpg,1.0
530,./data/images/fake_0001_00_00_01_59.jpg,0.0
531,./data/images/fake_0001_00_02_03_478.jpg,0.0
532,./data/images/fake_0001_00_02_02_332.jpg,0.0
533,./data/images/fake_0001_00_03_02_90.jpg,0.0
534,./data/images/fake_0001_00_04_03_136.jpg,0.0
535,./data/images/fake_0001_00_00_01_440.jpg,0.0
536,./data/images/fake_0001_00_03_03_215.jpg,0.0
537,./data/images/genuine_0001_00_00_02_217.jpg,1.0
538,./data/images/fake_0001_00_01_03_422.jpg,0.0
539,./data/images/genuine_0001_00_00_01_253.jpg,1.0
540,./data/images/fake_0001_00_01_03_18.jpg,0.0
541,./data/images/fake_0001_00_02_03_31.jpg,0.0
542,./data/images/genuine_0001_00_00_02_130.jpg,1.0
543,./data/images/fake_0001_00_03_03_130.jpg,0.0
544,./data/images/fake_0001_00_00_01_81.jpg,0.0
545,./data/images/fake_0001_00_04_03_354.jpg,0.0
546,./data/images/fake_0001_00_01_03_12.jpg,0.0
547,./data/images/fake_0001_00_01_02_496.jpg,0.0
548,./data/images/genuine_0001_00_00_01_440.jpg,1.0
549,./data/images/genuine_0001_00_00_01_70.jpg,1.0
550,./data/images/fake_0001_00_08_03_174.jpg,0.0
551,./data/images/fake_0001_00_02_03_229.jpg,0.0
552,./data/images/fake_0001_00_00_01_391.jpg,0.0
553,./data/images/fake_0001_00_02_03_364.jpg,0.0
554,./data/images/fake_0001_00_00_01_22.jpg,0.0
555,./data/images/fake_0001_00_01_03_314.jpg,0.0
556,./data/images/genuine_0001_00_00_01_390.jpg,1.0
557,./data/images/fake_0001_00_03_02_72.jpg,0.0
558,./data/images/fake_0001_00_03_03_467.jpg,0.0
559,./data/images/fake_0001_00_02_03_304.jpg,0.0
560,./data/images/fake_0001_00_01_03_445.jpg,0.0
561,./data/images/fake_0001_00_03_03_350.jpg,0.0
562,./data/images/genuine_0001_00_00_02_336.jpg,1.0
563,./data/images/fake_0001_00_02_03_289.jpg,0.0
564,./data/images/genuine_0001_00_00_01_156.jpg,1.0
565,./data/images/fake_0001_00_01_02_315.jpg,0.0
566,./data/images/genuine_0001_00_00_01_336.jpg,1.0
567,./data/images/fake_0001_00_00_01_139.jpg,0.0
568,./data/images/fake_0001_00_02_03_201.jpg,0.0
569,./data/images/fake_0001_00_08_03_352.jpg,0.0
570,./data/images/genuine_0001_00_00_01_63.jpg,1.0
571,./data/images/genuine_0001_00_00_01_455.jpg,1.0
572,./data/images/fake_0001_00_04_03_305.jpg,0.0
573,./data/images/fake_0001_00_04_03_174.jpg,0.0
574,./data/images/fake_0001_00_04_03_413.jpg,0.0
575,./data/images/fake_0001_00_04_03_495.jpg,0.0
576,./data/images/fake_0001_00_04_03_440.jpg,0.0
577,./data/images/genuine_0001_00_00_02_391.jpg,1.0
578,./data/images/fake_0001_00_04_03_381.jpg,0.0
579,./data/images/fake_0001_00_01_02_170.jpg,0.0
580,./data/images/fake_0001_00_04_02_369.jpg,0.0
581,./data/images/genuine_0001_00_00_02_138.jpg,1.0
582,./data/images/fake_0001_00_00_01_256.jpg,0.0
583,./data/images/fake_0001_00_01_02_297.jpg,0.0
584,./data/images/genuine_0001_00_00_02_189.jpg,1.0
585,./data/images/fake_0001_00_00_01_346.jpg,0.0
586,./data/images/fake_0001_00_01_03_5.jpg,0.0
587,./data/images/fake_0001_00_02_02_422.jpg,0.0
588,./data/images/genuine_0001_00_00_01_398.jpg,1.0
589,./data/images/fake_0001_00_04_03_94.jpg,0.0
590,./data/images/fake_0001_00_00_01_454.jpg,0.0
591,./data/images/fake_0001_00_00_01_13.jpg,0.0
592,./data/images/genuine_0001_00_00_01_43.jpg,1.0
593,./data/images/fake_0001_00_02_03_150.jpg,0.0
594,./data/images/fake_0001_00_03_03_27.jpg,0.0
595,./data/images/fake_0001_00_03_02_0.jpg,0.0
596,./data/images/genuine_0001_00_00_01_34.jpg,1.0
597,./data/images/fake_0001_00_02_03_326.jpg,0.0
598,./data/images/fake_0001_00_01_03_147.jpg,0.0
599,./data/images/genuine_0001_00_00_01_170.jpg,1.0
600,./data/images/fake_0001_00_04_03_169.jpg,0.0
601,./data/images/fake_0001_00_04_02_0.jpg,0.0
602,./data/images/fake_0001_00_03_03_345.jpg,0.0
603,./data/images/fake_0001_00_03_02_3.jpg,0.0
604,./data/images/fake_0001_00_08_03_81.jpg,0.0
605,./data/images/genuine_0001_00_00_02_174.jpg,1.0
606,./data/images/fake_0001_00_03_03_483.jpg,0.0
607,./data/images/fake_0001_00_01_02_405.jpg,0.0
608,./data/images/fake_0001_00_01_03_222.jpg,0.0
609,./data/images/genuine_0001_00_00_01_459.jpg,1.0
610,./data/images/fake_0001_00_01_03_103.jpg,0.0
611,./data/images/fake_0001_00_00_01_229.jpg,0.0
612,./data/images/genuine_0001_00_00_02_318.jpg,1.0
613,./data/images/fake_0001_00_01_03_330.jpg,0.0
614,./data/images/genuine_0001_00_00_01_189.jpg,1.0
615,./data/images/fake_0001_00_04_03_152.jpg,0.0
616,./data/images/fake_0001_00_02_03_283.jpg,0.0
617,./data/images/fake_0001_00_04_03_147.jpg,0.0
618,./data/images/fake_0001_00_01_03_158.jpg,0.0
619,./data/images/fake_0001_00_01_03_141.jpg,0.0
620,./data/images/fake_0001_00_04_02_422.jpg,0.0
621,./data/images/fake_0001_00_00_01_468.jpg,0.0
622,./data/images/fake_0001_00_08_03_417.jpg,0.0
623,./data/images/genuine_0001_00_00_02_380.jpg,1.0
624,./data/images/fake_0001_00_04_03_141.jpg,0.0
625,./data/images/fake_0001_00_08_03_271.jpg,0.0
626,./data/images/fake_0001_00_03_03_248.jpg,0.0
627,./data/images/genuine_0001_00_00_02_492.jpg,1.0
628,./data/images/genuine_0001_00_00_02_24.jpg,1.0
629,./data/images/fake_0001_00_04_03_473.jpg,0.0
630,./data/images/fake_0001_00_00_01_251.jpg,0.0
631,./data/images/genuine_0001_00_00_02_405.jpg,1.0
632,./data/images/fake_0001_00_00_01_210.jpg,0.0
633,./data/images/genuine_0001_00_00_02_82.jpg,1.0
634,./data/images/genuine_0001_00_00_01_130.jpg,1.0
635,./data/images/fake_0001_00_08_03_211.jpg,0.0
636,./data/images/fake_0001_00_02_03_191.jpg,0.0
637,./data/images/fake_0001_00_04_02_314.jpg,0.0
638,./data/images/genuine_0001_00_00_02_325.jpg,1.0
639,./data/images/fake_0001_00_08_03_103.jpg,0.0
640,./data/images/genuine_0001_00_00_01_67.jpg,1.0
641,./data/images/fake_0001_00_00_01_274.jpg,0.0
642,./data/images/fake_0001_00_01_02_423.jpg,0.0
643,./data/images/genuine_0001_00_00_01_149.jpg,1.0
644,./data/images/fake_0001_00_03_03_136.jpg,0.0
645,./data/images/fake_0001_00_01_03_109.jpg,0.0
646,./data/images/genuine_0001_00_00_02_304.jpg,1.0
647,./data/images/fake_0001_00_01_02_478.jpg,0.0
648,./data/images/fake_0001_00_08_03_109.jpg,0.0
649,./data/images/genuine_0001_00_00_02_64.jpg,1.0
650,./data/images/genuine_0001_00_00_01_376.jpg,1.0
651,./data/images/genuine_0001_00_00_02_313.jpg,1.0
652,./data/images/genuine_0001_00_00_01_437.jpg,1.0
653,./data/images/fake_0001_00_01_03_66.jpg,0.0
654,./data/images/genuine_0001_00_00_02_361.jpg,1.0
655,./data/images/fake_0001_00_08_03_228.jpg,0.0
656,./data/images/genuine_0001_00_00_02_75.jpg,1.0
657,./data/images/genuine_0001_00_00_01_257.jpg,1.0
658,./data/images/genuine_0001_00_00_02_181.jpg,1.0
659,./data/images/genuine_0001_00_00_02_347.jpg,1.0
660,./data/images/genuine_0001_00_00_01_372.jpg,1.0
661,./data/images/fake_0001_00_00_01_161.jpg,0.0
662,./data/images/fake_0001_00_02_02_279.jpg,0.0
663,./data/images/fake_0001_00_02_03_467.jpg,0.0
664,./data/images/fake_0001_00_08_03_385.jpg,0.0
665,./data/images/fake_0001_00_01_03_136.jpg,0.0
666,./data/images/fake_0001_00_04_03_125.jpg,0.0
667,./data/images/genuine_0001_00_00_02_213.jpg,1.0
668,./data/images/fake_0001_00_08_03_196.jpg,0.0
669,./data/images/fake_0001_00_03_03_461.jpg,0.0
670,./data/images/fake_0001_00_01_03_472.jpg,0.0
671,./data/images/fake_0001_00_03_03_389.jpg,0.0
672,./data/images/fake_0001_00_02_03_256.jpg,0.0
673,./data/images/fake_0001_00_03_03_297.jpg,0.0
674,./data/images/fake_0001_00_03_03_125.jpg,0.0
675,./data/images/genuine_0001_00_00_02_156.jpg,1.0
676,./data/images/fake_0001_00_02_03_407.jpg,0.0
677,./data/images/fake_0001_00_03_03_152.jpg,0.0
678,./data/images/fake_0001_00_04_03_279.jpg,0.0
679,./data/images/fake_0001_00_04_02_297.jpg,0.0
680,./data/images/fake_0001_00_02_03_250.jpg,0.0
681,./data/images/fake_0001_00_04_02_134.jpg,0.0
682,./data/images/fake_0001_00_02_03_197.jpg,0.0
683,./data/images/fake_0001_00_01_03_347.jpg,0.0
684,./data/images/genuine_0001_00_00_02_134.jpg,1.0
685,./data/images/fake_0001_00_02_03_234.jpg,0.0
686,./data/images/fake_0001_00_02_02_224.jpg,0.0
687,./data/images/fake_0001_00_00_01_490.jpg,0.0
688,./data/images/fake_0001_00_02_02_206.jpg,0.0
689,./data/images/fake_0001_00_00_01_319.jpg,0.0
690,./data/images/fake_0001_00_04_02_189.jpg,0.0
691,./data/images/genuine_0001_00_00_01_116.jpg,1.0
692,./data/images/fake_0001_00_02_03_77.jpg,0.0
693,./data/images/fake_0001_00_08_03_422.jpg,0.0
694,./data/images/genuine_0001_00_00_01_112.jpg,1.0
695,./data/images/fake_0001_00_03_02_339.jpg,0.0
696,./data/images/fake_0001_00_00_01_31.jpg,0.0
697,./data/images/fake_0001_00_01_03_456.jpg,0.0
698,./data/images/fake_0001_00_01_02_116.jpg,0.0
699,./data/images/fake_0001_00_08_03_12.jpg,0.0
700,./data/images/fake_0001_00_02_03_93.jpg,0.0
701,./data/images/fake_0001_00_04_03_0.jpg,0.0
702,./data/images/fake_0001_00_00_01_45.jpg,0.0
703,./data/images/genuine_0001_00_00_01_350.jpg,1.0
704,./data/images/fake_0001_00_04_02_152.jpg,0.0
705,./data/images/fake_0001_00_08_03_358.jpg,0.0
706,./data/images/fake_0001_00_01_03_363.jpg,0.0
707,./data/images/fake_0001_00_00_01_422.jpg,0.0
708,./data/images/genuine_0001_00_00_01_484.jpg,1.0
709,./data/images/genuine_0001_00_00_02_228.jpg,1.0
710,./data/images/genuine_0001_00_00_02_294.jpg,1.0
711,./data/images/genuine_0001_00_00_01_329.jpg,1.0
712,./data/images/genuine_0001_00_00_01_491.jpg,1.0
713,./data/images/fake_0001_00_01_03_293.jpg,0.0
714,./data/images/fake_0001_00_03_02_486.jpg,0.0
715,./data/images/fake_0001_00_03_03_0.jpg,0.0
716,./data/images/fake_0001_00_03_03_41.jpg,0.0
717,./data/images/genuine_0001_00_00_02_261.jpg,1.0
718,./data/images/genuine_0001_00_00_02_478.jpg,1.0
719,./data/images/genuine_0001_00_00_02_236.jpg,1.0
720,./data/images/genuine_0001_00_00_01_433.jpg,1.0
721,./data/images/fake_0001_00_03_03_220.jpg,0.0
722,./data/images/genuine_0001_00_00_01_196.jpg,1.0
723,./data/images/fake_0001_00_00_01_481.jpg,0.0
724,./data/images/fake_0001_00_04_03_446.jpg,0.0
725,./data/images/fake_0001_00_04_03_332.jpg,0.0
726,./data/images/genuine_0001_00_00_02_269.jpg,1.0
727,./data/images/fake_0001_00_03_03_183.jpg,0.0
728,./data/images/fake_0001_00_00_01_0.jpg,0.0
729,./data/images/fake_0001_00_01_03_196.jpg,0.0
730,./data/images/fake_0001_00_04_03_43.jpg,0.0
731,./data/images/fake_0001_00_01_03_185.jpg,0.0
732,./data/images/fake_0001_00_00_01_396.jpg,0.0
733,./data/images/fake_0001_00_03_03_65.jpg,0.0
734,./data/images/fake_0001_00_01_02_0.jpg,0.0
735,./data/images/fake_0001_00_02_02_260.jpg,0.0
736,./data/images/genuine_0001_00_00_02_416.jpg,1.0
737,./data/images/fake_0001_00_03_03_318.jpg,0.0
738,./data/images/fake_0001_00_04_02_332.jpg,0.0
739,./data/images/fake_0001_00_08_03_70.jpg,0.0
740,./data/images/fake_0001_00_00_01_328.jpg,0.0
741,./data/images/genuine_0001_00_00_01_394.jpg,1.0
742,./data/images/fake_0001_00_08_03_374.jpg,0.0
743,./data/images/fake_0001_00_00_01_247.jpg,0.0
744,./data/images/fake_0001_00_02_03_103.jpg,0.0
745,./data/images/fake_0001_00_08_03_125.jpg,0.0
746,./data/images/fake_0001_00_01_03_152.jpg,0.0
747,./data/images/fake_0001_00_04_02_81.jpg,0.0
748,./data/images/genuine_0001_00_00_01_286.jpg,1.0
749,./data/images/fake_0001_00_02_03_114.jpg,0.0
750,./data/images/genuine_0001_00_00_01_358.jpg,1.0
751,./data/images/fake_0001_00_02_03_342.jpg,0.0
752,./data/images/genuine_0001_00_00_02_412.jpg,1.0
753,./data/images/fake_0001_00_02_03_175.jpg,0.0
754,./data/images/fake_0001_00_04_03_18.jpg,0.0
755,./data/images/fake_0001_00_01_03_417.jpg,0.0
756,./data/images/fake_0001_00_01_03_336.jpg,0.0
757,./data/images/genuine_0001_00_00_01_2.jpg,1.0
758,./data/images/fake_0001_00_08_03_493.jpg,0.0
759,./data/images/genuine_0001_00_00_02_116.jpg,1.0
760,./data/images/genuine_0001_00_00_01_318.jpg,1.0
761,./data/images/genuine_0001_00_00_02_68.jpg,1.0
762,./data/images/fake_0001_00_00_01_184.jpg,0.0
763,./data/images/fake_0001_00_08_03_18.jpg,0.0
764,./data/images/fake_0001_00_02_02_81.jpg,0.0
765,./data/images/fake_0001_00_08_03_482.jpg,0.0
766,./data/images/genuine_0001_00_00_02_456.jpg,1.0
767,./data/images/genuine_0001_00_00_01_242.jpg,1.0
768,./data/images/genuine_0001_00_00_01_246.jpg,1.0
769,./data/images/fake_0001_00_04_02_260.jpg,0.0
770,./data/images/fake_0001_00_01_02_189.jpg,0.0
771,./data/images/fake_0001_00_01_02_351.jpg,0.0
772,./data/images/fake_0001_00_02_03_434.jpg,0.0
773,./data/images/genuine_0001_00_00_02_445.jpg,1.0
774,./data/images/fake_0001_00_02_02_477.jpg,0.0
775,./data/images/genuine_0001_00_00_02_224.jpg,1.0
776,./data/images/genuine_0001_00_00_01_178.jpg,1.0
777,./data/images/genuine_0001_00_00_01_109.jpg,1.0
778,./data/images/fake_0001_00_03_03_489.jpg,0.0
779,./data/images/genuine_0001_00_00_01_74.jpg,1.0
780,./data/images/fake_0001_00_00_01_215.jpg,0.0
781,./data/images/fake_0001_00_03_03_383.jpg,0.0
782,./data/images/fake_0001_00_01_03_352.jpg,0.0
783,./data/images/fake_0001_00_08_03_147.jpg,0.0
784,./data/images/fake_0001_00_00_01_477.jpg,0.0
785,./data/images/fake_0001_00_02_03_180.jpg,0.0
786,./data/images/fake_0001_00_04_03_67.jpg,0.0
787,./data/images/fake_0001_00_01_02_37.jpg,0.0
788,./data/images/fake_0001_00_03_02_468.jpg,0.0
789,./data/images/genuine_0001_00_00_02_112.jpg,1.0
790,./data/images/genuine_0001_00_00_01_127.jpg,1.0
791,./data/images/fake_0001_00_00_01_431.jpg,0.0
792,./data/images/fake_0001_00_00_01_54.jpg,0.0
793,./data/images/fake_0001_00_01_03_114.jpg,0.0
794,./data/images/fake_0001_00_00_01_40.jpg,0.0
795,./data/images/fake_0001_00_04_03_398.jpg,0.0
796,./data/images/genuine_0001_00_00_02_276.jpg,1.0
797,./data/images/fake_0001_00_01_03_390.jpg,0.0
798,./data/images/fake_0001_00_08_03_293.jpg,0.0
799,./data/images/genuine_0001_00_00_01_123.jpg,1.0
